smiles_1,smiles_2,mol_%_1,mol_%_2,Tg,Tg_predicted_mean,Tg_predicted_std
*N1C(=O)C2=CC(=CC=C2C1=O)OC3=CC=C(C=C3)C(C)(C)C4=CC=C(C=C4)OC(=CC=C6(C7(=O)))C=C6C(=O)N7C8=CC=C(C=C8)CC(C=C9)=CC=C9*,*N1C(=O)C2=CC(=CC=C2C1=O)C(=O)C(=CC=C3(C4(=O)))C=C3C(=O)N4C5=CC=C(C=C5)CC(C=C6)=CC=C6*,100,0,195,227.086545793398,24.82284896464077
*N1C(=O)C2=CC(=CC=C2C1=O)OC3=CC=C(C=C3)C(C)(C)C4=CC=C(C=C4)OC(=CC=C6(C7(=O)))C=C6C(=O)N7C8=CC=C(C=C8)CC(C=C9)=CC=C9*,*N1C(=O)C2=CC(=CC=C2C1=O)C(=O)C(=CC=C3(C4(=O)))C=C3C(=O)N4C5=CC=C(C=C5)CC(C=C6)=CC=C6*,90,10,205,231.0445030062077,24.43591890837109
*N1C(=O)C2=CC(=CC=C2C1=O)OC3=CC=C(C=C3)C(C)(C)C4=CC=C(C=C4)OC(=CC=C6(C7(=O)))C=C6C(=O)N7C8=CC=C(C=C8)CC(C=C9)=CC=C9*,*N1C(=O)C2=CC(=CC=C2C1=O)C(=O)C(=CC=C3(C4(=O)))C=C3C(=O)N4C5=CC=C(C=C5)CC(C=C6)=CC=C6*,80,20,219,240.78182040123488,23.07880186673578
*N1C(=O)C2=CC(=CC=C2C1=O)OC3=CC=C(C=C3)C(C)(C)C4=CC=C(C=C4)OC(=CC=C6(C7(=O)))C=C6C(=O)N7C8=CC=C(C=C8)CC(C=C9)=CC=C9*,*N1C(=O)C2=CC(=CC=C2C1=O)C(=O)C(=CC=C3(C4(=O)))C=C3C(=O)N4C5=CC=C(C=C5)CC(C=C6)=CC=C6*,70,30,226,243.14301832062168,23.252455911187266
*N1C(=O)C2=CC(=CC=C2C1=O)OC3=CC=C(C=C3)C(C)(C)C4=CC=C(C=C4)OC(=CC=C6(C7(=O)))C=C6C(=O)N7C8=CC=C(C=C8)CC(C=C9)=CC=C9*,*N1C(=O)C2=CC(=CC=C2C1=O)C(=O)C(=CC=C3(C4(=O)))C=C3C(=O)N4C5=CC=C(C=C5)CC(C=C6)=CC=C6*,60,40,234,247.5067293058964,23.43554536197263
*N1C(=O)C2=CC(=CC=C2C1=O)OC3=CC=C(C=C3)C(C)(C)C4=CC=C(C=C4)OC(=CC=C6(C7(=O)))C=C6C(=O)N7C8=CC=C(C=C8)CC(C=C9)=CC=C9*,*N1C(=O)C2=CC(=CC=C2C1=O)C(=O)C(=CC=C3(C4(=O)))C=C3C(=O)N4C5=CC=C(C=C5)CC(C=C6)=CC=C6*,50,50,241,250.7236146780156,23.759027549566778
*N1C(=O)C2=CC(=CC=C2C1=O)OC3=CC=C(C=C3)C(C)(C)C4=CC=C(C=C4)OC(=CC=C6(C7(=O)))C=C6C(=O)N7C8=CC=C(C=C8)CC(C=C9)=CC=C9*,*N1C(=O)C2=CC(=CC=C2C1=O)C(=O)C(=CC=C3(C4(=O)))C=C3C(=O)N4C5=CC=C(C=C5)CC(C=C6)=CC=C6*,40,60,248,250.3476865912976,23.73779137187405
*N1C(=O)C2=CC(=CC=C2C1=O)OC3=CC=C(C=C3)C(C)(C)C4=CC=C(C=C4)OC(=CC=C6(C7(=O)))C=C6C(=O)N7C8=CC=C(C=C8)CC(C=C9)=CC=C9*,*N1C(=O)C2=CC(=CC=C2C1=O)C(=O)C(=CC=C3(C4(=O)))C=C3C(=O)N4C5=CC=C(C=C5)CC(C=C6)=CC=C6*,30,70,262,251.96279102194023,23.27445620843836
*N1C(=O)C2=CC(=CC=C2C1=O)OC3=CC=C(C=C3)C(C)(C)C4=CC=C(C=C4)OC(=CC=C6(C7(=O)))C=C6C(=O)N7C8=CC=C(C=C8)CC(C=C9)=CC=C9*,*N1C(=O)C2=CC(=CC=C2C1=O)C(=O)C(=CC=C3(C4(=O)))C=C3C(=O)N4C5=CC=C(C=C5)CC(C=C6)=CC=C6*,20,80,276,256.0834748691298,23.39490994092145
*N1C(=O)C2=CC(=CC=C2C1=O)OC3=CC=C(C=C3)C(C)(C)C4=CC=C(C=C4)OC(=CC=C6(C7(=O)))C=C6C(=O)N7C8=CC=C(C=C8)CC(C=C9)=CC=C9*,*N1C(=O)C2=CC(=CC=C2C1=O)C(=O)C(=CC=C3(C4(=O)))C=C3C(=O)N4C5=CC=C(C=C5)CC(C=C6)=CC=C6*,0,100,285,272.6376466647319,25.98321954928918
*N1C(=O)C2=CC(=CC=C2C1=O)OC3=CC=C(C=C3)C(C)(C)C4=CC=C(C=C4)OC(=CC=C6(C7(=O)))C=C6C(=O)N7C8=CC=C(C=C8)CC(C=C9)=CC=C9*,*N1C(=O)C2=CC(=C3C=C2C1=O)C(=O)N(C3(=O))C4=CC=C(C=C4)CC(C=C5)=CC=C5*,100,0,195,228.5654492921254,24.484098124277992
*N1C(=O)C2=CC(=CC=C2C1=O)OC3=CC=C(C=C3)C(C)(C)C4=CC=C(C=C4)OC(=CC=C6(C7(=O)))C=C6C(=O)N7C8=CC=C(C=C8)CC(C=C9)=CC=C9*,*N1C(=O)C2=CC(=C3C=C2C1=O)C(=O)N(C3(=O))C4=CC=C(C=C4)CC(C=C5)=CC=C5*,90,10,210,237.71742566195664,23.901358120396797
*N1C(=O)C2=CC(=CC=C2C1=O)OC3=CC=C(C=C3)C(C)(C)C4=CC=C(C=C4)OC(=CC=C6(C7(=O)))C=C6C(=O)N7C8=CC=C(C=C8)CC(C=C9)=CC=C9*,*N1C(=O)C2=CC(=C3C=C2C1=O)C(=O)N(C3(=O))C4=CC=C(C=C4)CC(C=C5)=CC=C5*,80,20,224,249.52650214152743,23.23140643702149
*N1C(=O)C2=CC(=CC=C2C1=O)OC3=CC=C(C=C3)C(C)(C)C4=CC=C(C=C4)OC(=CC=C6(C7(=O)))C=C6C(=O)N7C8=CC=C(C=C8)CC(C=C9)=CC=C9*,*N1C(=O)C2=CC(=C3C=C2C1=O)C(=O)N(C3(=O))C4=CC=C(C=C4)CC(C=C5)=CC=C5*,70,30,235,259.5375521756607,24.134718491587016
*N1C(=O)C2=CC(=CC=C2C1=O)OC3=CC=C(C=C3)C(C)(C)C4=CC=C(C=C4)OC(=CC=C6(C7(=O)))C=C6C(=O)N7C8=CC=C(C=C8)CC(C=C9)=CC=C9*,*N1C(=O)C2=CC(=C3C=C2C1=O)C(=O)N(C3(=O))C4=CC=C(C=C4)CC(C=C5)=CC=C5*,60,40,250,269.45210769899865,25.83583948336365
*N1C(=O)C2=CC(=CC=C2C1=O)OC3=CC=C(C=C3)C(C)(C)C4=CC=C(C=C4)OC(=CC=C6(C7(=O)))C=C6C(=O)N7C8=CC=C(C=C8)CC(C=C9)=CC=C9*,*N1C(=O)C2=CC(=C3C=C2C1=O)C(=O)N(C3(=O))C4=CC=C(C=C4)CC(C=C5)=CC=C5*,50,50,257,280.87511146931405,27.49299019575308
*N1C(=O)C2=CC(=CC=C2C1=O)OC3=CC=C(C=C3)C(C)(C)C4=CC=C(C=C4)OC(=CC=C6(C7(=O)))C=C6C(=O)N7C8=CC=C(C=C8)CC(C=C9)=CC=C9*,*N1C(=O)C2=CC(=C3C=C2C1=O)C(=O)N(C3(=O))C4=CC=C(C=C4)CC(C=C5)=CC=C5*,40,60,258,291.76128982899587,28.74119878493658
*N1C(=O)C2=CC(=CC=C2C1=O)OC3=CC=C(C=C3)C(C)(C)C4=CC=C(C=C4)OC(=CC=C6(C7(=O)))C=C6C(=O)N7C8=CC=C(C=C8)CC(C=C9)=CC=C9*,*N1C(=O)C2=CC(=C3C=C2C1=O)C(=O)N(C3(=O))C4=CC=C(C=C4)CC(C=C5)=CC=C5*,30,70,256,302.7500504875354,29.75898220342772
*N1C(=O)C2=CC(=CC=C2C1=O)OC3=CC=C(C=C3)C(C)(C)C4=CC=C(C=C4)OC(=CC=C6(C7(=O)))C=C6C(=O)N7C8=CC=C(C=C8)CC(C=C9)=CC=C9*,*N1C(=O)C2=CC(=C3C=C2C1=O)C(=O)N(C3(=O))C4=CC=C(C=C4)CC(C=C5)=CC=C5*,20,80,259,314.20466223649777,30.662559102776992
*N1C(=O)C2=CC(=CC=C2C1=O)OC3=CC=C(C=C3)C(C)(C)C4=CC=C(C=C4)OC(=CC=C6(C7(=O)))C=C6C(=O)N7C8=CC=C(C=C8)CC(C=C9)=CC=C9*,*N1C(=O)C2=CC(=C3C=C2C1=O)C(=O)N(C3(=O))C4=CC=C(C=C4)CC(C=C5)=CC=C5*,0,100,350,339.59028445465174,31.95968956270737
*N1C(=O)C2=CC(=CC=C2C1=O)OC3=CC=C(C=C3)C(C)(C)C4=CC=C(C=C4)OC(=CC=C6(C7(=O)))C=C6C(=O)N7C8=CC=C(C=C8)CC(C=C9)=CC=C9*,*N1C(=O)C2=CC(=CC=C2C1=O)OC(=CC=C3(C4(=O)))C=C3C(=O)N4C5=CC=C(C=C5)CC(C=C6)=CC=C6*,80,20,211,237.11246943024483,23.50904106420541
*N1C(=O)C2=CC(=CC=C2C1=O)OC3=CC=C(C=C3)C(C)(C)C4=CC=C(C=C4)OC(=CC=C6(C7(=O)))C=C6C(=O)N7C8=CC=C(C=C8)CC(C=C9)=CC=C9*,*N1C(=O)C2=CC(=CC=C2C1=O)C(=CC=C3(C4(=O)))C=C3C(=O)N4C5=CC=C(C=C5)CC(C=C6)=CC=C6*,80,20,228,240.10450872192845,23.660686576299945
*N1C(=O)C2=CC(=CC=C2C1=O)OC3=CC=C(C=C3)C(C)(C)C4=CC=C(C=C4)OC(=CC=C6(C7(=O)))C=C6C(=O)N7c8cccc(*)c8,*N1C(=O)C2=CC(=CC=C2C1=O)OC3=CC=C(C=C3)C(C)(C)C4=CC=C(C=C4)OC(=CC=C6(C7(=O)))C=C6C(=O)N7CC(CC(F)(F)C(F)(F)C(F)(F)C(F)(F)C(F)(F)C(F)(F)(F))CC*,75,25,172,200.26424791683857,27.397986107715138
*N1C(=O)C2=CC(=CC=C2C1=O)OC3=CC=C(C=C3)C(C)(C)C4=CC=C(C=C4)OC(=CC=C6(C7(=O)))C=C6C(=O)N7c8cccc(*)c8,*N1C(=O)C2=CC(=CC=C2C1=O)OC3=CC=C(C=C3)C(C)(C)C4=CC=C(C=C4)OC(=CC=C6(C7(=O)))C=C6C(=O)N7CC(CC(F)(F)C(F)(F)C(F)(F)C(F)(F)C(F)(F)C(F)(F)(F))CC*,50,50,145,167.53482337111063,32.27188051617535
*N1C(=O)C2=CC(=CC=C2C1=O)OC3=CC=C(C=C3)C(C)(C)C4=CC=C(C=C4)OC(=CC=C6(C7(=O)))C=C6C(=O)N7c8cccc(*)c8,*N1C(=O)C2=CC(=CC=C2C1=O)OC3=CC=C(C=C3)C(C)(C)C4=CC=C(C=C4)OC(=CC=C6(C7(=O)))C=C6C(=O)N7CC(CC(F)(F)C(F)(F)C(F)(F)C(F)(F)C(F)(F)C(F)(F)(F))CC*,25,75,121,140.89976272316704,36.84503134854845
*N1C(=O)C2=CC(=CC=C2C1=O)C(C(F)(F)(F))(C(F)(F)(F))C(=CC=C3(C4(=O)))C=C3C(=O)N4C5=CC=C(C=C5)OC6=CC=C(C=C6)S(=O)(=O)C5=CC=C(C=C5)OC6=CC=C(C=C6)*,*N1C(=O)C2=CC(=CC=C2C1=O)C(C(F)(F)(F))(C(F)(F)(F))C(=CC=C3(C4(=O)))C=C3C(=O)N4C5=CC=C(C=C5)OC6=CC=C(C=C6)C(C)(C)C5=CC=C(C=C5)OC6=CC=C(C=C6)*,75,25,278,269.102594905036,30.43495132532857
*N1C(=O)C2=CC(=CC=C2C1=O)C(C(F)(F)(F))(C(F)(F)(F))C(=CC=C3(C4(=O)))C=C3C(=O)N4C5=CC=C(C=C5)OC6=CC=C(C=C6)S(=O)(=O)C5=CC=C(C=C5)OC6=CC=C(C=C6)*,*N1C(=O)C2=CC(=CC=C2C1=O)C(C(F)(F)(F))(C(F)(F)(F))C(=CC=C3(C4(=O)))C=C3C(=O)N4C5=CC=C(C=C5)OC6=CC=C(C=C6)C(C)(C)C5=CC=C(C=C5)OC6=CC=C(C=C6)*,50,50,268,268.21256227904524,32.33250223818812
*N1C(=O)C2=CC(=CC=C2C1=O)C(C(F)(F)(F))(C(F)(F)(F))C(=CC=C3(C4(=O)))C=C3C(=O)N4C5=CC=C(C=C5)OC6=CC=C(C=C6)S(=O)(=O)C5=CC=C(C=C5)OC6=CC=C(C=C6)*,*N1C(=O)C2=CC(=CC=C2C1=O)C(C(F)(F)(F))(C(F)(F)(F))C(=CC=C3(C4(=O)))C=C3C(=O)N4C5=CC=C(C=C5)OC6=CC=C(C=C6)C(C)(C)C5=CC=C(C=C5)OC6=CC=C(C=C6)*,25,75,260,255.93546576201447,27.68230284664799
*N1C(=O)C2=CC(=CC=C2C1=O)C(C(F)(F)(F))(C(F)(F)(F))C(=CC=C3(C4(=O)))C=C3C(=O)N4C5=CC=C(C=C5)OC6=CC=C(C=C6)S(=O)(=O)C5=CC=C(C=C5)OC6=CC=C(C=C6)*,*N1C(=O)C2=CC(=CC=C2C1=O)C(C(F)(F)(F))(C(F)(F)(F))C(=CC=C3(C4(=O)))C=C3C(=O)N4C5=CC=C(C=C5)OC6=CC=C(C=C6)C(C(F)(F)(F))(C(F)(F)(F))C5=CC=C(C=C5)OC6=CC=C(C=C6)*,75,25,278,263.73728014757216,30.63315150999115
*N1C(=O)C2=CC(=CC=C2C1=O)C(C(F)(F)(F))(C(F)(F)(F))C(=CC=C3(C4(=O)))C=C3C(=O)N4C5=CC=C(C=C5)OC6=CC=C(C=C6)S(=O)(=O)C5=CC=C(C=C5)OC6=CC=C(C=C6)*,*N1C(=O)C2=CC(=CC=C2C1=O)C(C(F)(F)(F))(C(F)(F)(F))C(=CC=C3(C4(=O)))C=C3C(=O)N4C5=CC=C(C=C5)OC6=CC=C(C=C6)C(C(F)(F)(F))(C(F)(F)(F))C5=CC=C(C=C5)OC6=CC=C(C=C6)*,50,50,273,261.86700386791244,32.535718329824704
*N1C(=O)C2=CC(=CC=C2C1=O)C(C(F)(F)(F))(C(F)(F)(F))C(=CC=C3(C4(=O)))C=C3C(=O)N4C5=CC=C(C=C5)OC6=CC=C(C=C6)S(=O)(=O)C5=CC=C(C=C5)OC6=CC=C(C=C6)*,*N1C(=O)C2=CC(=CC=C2C1=O)C(C(F)(F)(F))(C(F)(F)(F))C(=CC=C3(C4(=O)))C=C3C(=O)N4C5=CC=C(C=C5)OC6=CC=C(C=C6)C(C(F)(F)(F))(C(F)(F)(F))C5=CC=C(C=C5)OC6=CC=C(C=C6)*,25,75,270,252.6868480909162,27.574189460084074
*N1C(=O)C2=CC(=CC=C2C1=O)C(C(F)(F)(F))(C(F)(F)(F))C(=CC=C3(C4(=O)))C=C3C(=O)N4C5=CC=C(C=C5)OC6=CC=C(C=C6)S(=O)(=O)C5=CC=C(C=C5)OC6=CC=C(C=C6)*,*N1C(=O)C2=CC(=CC=C2C1=O)C(C(F)(F)(F))(C(F)(F)(F))C(=CC=C3(C4(=O)))C=C3C(=O)N4C5=CC=C(C=C5)OC(C=CC=C6)=C6OC5=CC=C(C=C5)*,75,25,269,271.7448547229317,29.138576916075777
*N1C(=O)C2=CC(=CC=C2C1=O)C(C(F)(F)(F))(C(F)(F)(F))C(=CC=C3(C4(=O)))C=C3C(=O)N4C5=CC=C(C=C5)OC6=CC=C(C=C6)S(=O)(=O)C5=CC=C(C=C5)OC6=CC=C(C=C6)*,*N1C(=O)C2=CC(=CC=C2C1=O)C(C(F)(F)(F))(C(F)(F)(F))C(=CC=C3(C4(=O)))C=C3C(=O)N4C5=CC=C(C=C5)OC(C=CC=C6)=C6OC5=CC=C(C=C5)*,50,50,258,276.5474343530224,31.43554612457897
*N1C(=O)C2=CC(=CC=C2C1=O)C(C(F)(F)(F))(C(F)(F)(F))C(=CC=C3(C4(=O)))C=C3C(=O)N4C5=CC=C(C=C5)OC6=CC=C(C=C6)S(=O)(=O)C5=CC=C(C=C5)OC6=CC=C(C=C6)*,*N1C(=O)C2=CC(=CC=C2C1=O)C(C(F)(F)(F))(C(F)(F)(F))C(=CC=C3(C4(=O)))C=C3C(=O)N4C5=CC=C(C=C5)OC(C=CC=C6)=C6OC5=CC=C(C=C5)*,25,75,241,256.3577611469928,29.41653987213926
*N1C(=O)C2=CC(=CC=C2C1=O)C(C(F)(F)(F))(C(F)(F)(F))C(=CC=C3(C4(=O)))C=C3C(=O)N4C5=C(C)C(C)=C(C(C)=C5(C))*,*N1C(=O)C2=CC(=CC=C2C1=O)C(C(F)(F)(F))(C(F)(F)(F))C(=CC=C3(C4(=O)))C=C3C(=O)N4C5=CC=C(C=C5)*,80,20,422,363.3275169669199,29.29106736906117
*N1C(=O)C2=CC(=CC=C2C1=O)C(C(F)(F)(F))(C(F)(F)(F))C(=CC=C3(C4(=O)))C=C3C(=O)N4C5=C(C)C(C)=C(C(C)=C5(C))*,*N1C(=O)C2=CC(=CC=C2C1=O)C(C(F)(F)(F))(C(F)(F)(F))C(=CC=C3(C4(=O)))C=C3C(=O)N4C5=CC=C(C=C5)*,50,50,406,361.1161957575301,27.412144198657813
*N1C(=O)C2=CC(=CC=C2C1=O)C(C(F)(F)(F))(C(F)(F)(F))C(=CC=C3(C4(=O)))C=C3C(=O)N4C5=C(C)C(C)=C(C(C)=C5(C))*,*N1C(=O)C2=CC(=CC=C2C1=O)C(C(F)(F)(F))(C(F)(F)(F))C(=CC=C3(C4(=O)))C=C3C(=O)N4C5=CC=C(C=C5)*,20,80,397,343.4157653763509,28.11279734616537
*N1C(=O)C2=CC(=CC=C2C1=O)C(C(F)(F)(F))(C(F)(F)(F))C(=CC=C3(C4(=O)))C=C3C(=O)N4C5=C(C)C(C)=C(C(C)=C5(C))*,*N1C(=O)C2=CC(=CC=C2C1=O)C(C(F)(F)(F))(C(F)(F)(F))C(=CC=C3(C4(=O)))C=C3C(=O)N4C5=CC(=CC=C5)*,80,20,399,366.47136130572926,28.58086887299595
*N1C(=O)C2=CC(=CC=C2C1=O)C(C(F)(F)(F))(C(F)(F)(F))C(=CC=C3(C4(=O)))C=C3C(=O)N4C5=C(C)C(C)=C(C(C)=C5(C))*,*N1C(=O)C2=CC(=CC=C2C1=O)C(C(F)(F)(F))(C(F)(F)(F))C(=CC=C3(C4(=O)))C=C3C(=O)N4C5=CC(=CC=C5)*,50,50,378,358.2005212100788,27.038819739817917
*N1C(=O)C2=CC(=CC=C2C1=O)C(C(F)(F)(F))(C(F)(F)(F))C(=CC=C3(C4(=O)))C=C3C(=O)N4C5=C(C)C(C)=C(C(C)=C5(C))*,*N1C(=O)C2=CC(=CC=C2C1=O)C(C(F)(F)(F))(C(F)(F)(F))C(=CC=C3(C4(=O)))C=C3C(=O)N4C5=CC(=CC=C5)*,20,80,319,334.9451479139108,28.23838266529015
*N1C(=O)C2=CC(=CC=C2C1=O)C(=CC=C3(C4(=O)))C=C3C(=O)N4C5=CC=C(C=C5)*,*N1C(=O)C2=CC(=CC=C2C1=O)C(=CC=C3(C4(=O)))C=C3C(=O)N4C5=CC=C(C(C(F)(F)(F))=C5)C6=C(C(F)(F)(F))C=C(C=C6)*,70,30,371,345.41068467989186,29.37379748299988
*N1C(=O)C2=CC(=CC=C2C1=O)C(=CC=C3(C4(=O)))C=C3C(=O)N4C5=CC=C(C=C5)*,*N1C(=O)C2=CC(=CC=C2C1=O)C(=CC=C3(C4(=O)))C=C3C(=O)N4C5=CC=C(C(C(F)(F)(F))=C5)C6=C(C(F)(F)(F))C=C(C=C6)*,50,50,357,341.1777972574164,30.292710082861657
*N1C(=O)C2=CC(=CC=C2C1=O)C(=CC=C3(C4(=O)))C=C3C(=O)N4C5=CC=C(C=C5)*,*N1C(=O)C2=CC(=CC=C2C1=O)C(=CC=C3(C4(=O)))C=C3C(=O)N4C5=CC=C(C(C(F)(F)(F))=C5)C6=C(C(F)(F)(F))C=C(C=C6)*,30,70,357,339.12103402762057,30.82153461101045
*N1C(=O)C2=CC(=C3C=C2C1=O)C(=O)N(C3(=O))C4=CC=C(C=C4)OC(C=C5)=CC=C5*,*N1C(=O)C2=CC(=CC=C2C1=O)C(=CC=C3(C4(=O)))C=C3C(=O)N4C5=CC=C(C=C5)OC(C=C5)=CC=C5*,75,25,344,330.7248922238127,28.217660961609205
*N1C(=O)C2=CC(=C3C=C2C1=O)C(=O)N(C3(=O))C4=CC=C(C=C4)OC(C=C5)=CC=C5*,*N1C(=O)C2=CC(=CC=C2C1=O)C(=CC=C3(C4(=O)))C=C3C(=O)N4C5=CC=C(C=C5)OC(C=C5)=CC=C5*,50,50,293,316.58704231474627,28.633365385531963
*N1C(=O)C2=CC(=CC=C2C1=O)C(=CC=C3(C4(=O)))C=C3C(=O)N4C5=CC=C(C=C5)OC(C=C5)=CC=C5*,*N1C(=O)C2=CC(=CC=C2C1=O)C(=CC=C3(C4(=O)))C=C3C(=O)N4C5=CC=C(C=C5)*,25,75,289,333.3236973608975,26.352548104681404
*N1C(=O)C2=CC(=CC=C2C1=O)OC3=CC=C(C=C3)C(C)(C)C4=CC=C(C=C4)OC(=CC=C6(C7(=O)))C=C6C(=O)N7C8=CC=C(C=C8)C1=NN=C(O1)C(C=C9)=CC=C9*,*N1C(=O)C(C=C2)=C(C(C1(=O))=C4)C(C(C3(=O))=C4)=C2C(=O)N3C5=CC=C(C=C5)C6=NN=C(O6)C(C=C7)=CC=C7*,50,50,336,296.9811963851281,28.54696583678001
*N1C(=O)C2=CC(=CC=C2C1=O)OC3=CC=C(C=C3)C(C)(C)C4=CC=C(C=C4)OC(=CC=C6(C7(=O)))C=C6C(=O)N7C8=CC=C(C=C8)C1=NN=C(O1)C(C=C9)=CC=C9*,*N1C(=O)C(C=C2)=C(C(C1(=O))=C4)C(C=C4)=C2C(=O)C(C=C3)=CC=C3C(=O)C(C=C5)=C(C=C7)C(C(C6(=O))=C7)=C5C(=O)N6C8=CC=C(C=C8)C9=NN=C(O9)C(C=C8)=CC=C8*,50,50,227,289.9117902159142,30.722537757970965
*N1C(=O)C(C=C2)=C(C(C1(=O))=C4)C(C(C3=CC=C5C6(=O))=C4)=C2C(=C7)C3=C5C(=C7)C(=O)N6C(C=C8)=CC=C8C9(C1=CC=CC=C1C0=CC=CC=C09)C(C=C3)=CC=C3*,*N1C(=O)C2=CC(=CC=C2C1=O)C(=O)C(=CC=C3(C4(=O)))C=C3C(=O)N4C(C=C8)=CC=C8C9(C1=CC=CC=C1C0=CC=CC=C09)C(C=C3)=CC=C3*,5,95,375,365.6087181417879,25.060934075115185
*N1C(=O)C2CC3(C(C2)C1(=O))C(=O)N(C(=O)C3)C(C=C4)=CC=C4*,*N1C(=O)C2C3C(=O)N(C(=O)CC3C(C2)C1(=O))C(C=C4)=CC=C4*,80,20,317,326.13203672365546,37.47360753997938
*N1C(=O)C2CC3(C(C2)C1(=O))C(=O)N(C(=O)C3)C(C=C4)=CC=C4*,*N1C(=O)C2C3C(=O)N(C(=O)CC3C(C2)C1(=O))C(C=C4)=CC=C4*,60,40,296,324.6459352393177,37.97527367308214
*N1C(=O)C2CC3(C(C2)C1(=O))C(=O)N(C(=O)C3)C(C=C4)=CC=C4*,*N1C(=O)C2C3C(=O)N(C(=O)CC3C(C2)C1(=O))C(C=C4)=CC=C4*,40,60,291,322.7263382992084,38.75110139896481
*N1C(=O)C2CC3(C(C2)C1(=O))C(=O)N(C(=O)C3)C(C=C4)=CC=C4*,*N1C(=O)C2C3C(=O)N(C(=O)CC3C(C2)C1(=O))C(C=C4)=CC=C4*,20,80,286,320.3782006790597,39.86392270585465
*N1C(=O)C2=CC(=C3C=C2C1=O)C(=O)N(C3(=O))C5=CC=C(C=C5)OC(=CC7=C8)C=CC7=CC=C8OC5=CC=C(C=C5)*,*N1C(=O)C2=CC(=C3C=C2C1=O)C(=O)N(C3(=O))C5=CC=C(C=C5)OC(C=C5)=CC=C5*,25,75,313,329.4590899356662,24.059584282284664
*N1C(=O)C2=CC(=C3C=C2C1=O)C(=O)N(C3(=O))C5=CC=C(C=C5)OC(=CC7=C8)C=CC7=CC=C8OC5=CC=C(C=C5)*,*N1C(=O)C2=CC(=C3C=C2C1=O)C(=O)N(C3(=O))C5=CC=C(C=C5)OC(C=C5)=CC=C5*,50,50,318,319.12081465554024,23.288145960145226
*N1C(=O)C2=CC(=C3C=C2C1=O)C(=O)N(C3(=O))C5=CC=C(C=C5)OC(=CC7=C8)C=CC7=CC=C8OC5=CC=C(C=C5)*,*N1C(=O)C2=CC(=C3C=C2C1=O)C(=O)N(C3(=O))C5=CC=C(C=C5)OC(C=C5)=CC=C5*,75,25,320,316.72383938546074,20.15807995103024
*N1C(=O)C2=CC(=CC=C2C1=O)C(C(F)(F)(F))(C(F)(F)(F))C(=CC=C3(C4(=O)))C=C3C(=O)N4C5=CC=C(C=C5)OC(=CC7=C8)C=CC7=CC=C8OC5=CC=C(C=C5)*,*N1C(=O)C2=CC(=CC=C2C1=O)C(C(F)(F)(F))(C(F)(F)(F))C(=CC=C3(C4(=O)))C=C3C(=O)N4C5=CC=C(C=C5)OC(C=C5)=CC=C5*,25,75,290,269.675825306353,24.01329527060512
*N1C(=O)C2=CC(=CC=C2C1=O)C(C(F)(F)(F))(C(F)(F)(F))C(=CC=C3(C4(=O)))C=C3C(=O)N4C5=CC=C(C=C5)OC(=CC7=C8)C=CC7=CC=C8OC5=CC=C(C=C5)*,*N1C(=O)C2=CC(=CC=C2C1=O)C(C(F)(F)(F))(C(F)(F)(F))C(=CC=C3(C4(=O)))C=C3C(=O)N4C5=CC=C(C=C5)OC(C=C5)=CC=C5*,50,50,296,260.7275407164618,24.36581186868269
*N1C(=O)C2=CC(=CC=C2C1=O)C(C(F)(F)(F))(C(F)(F)(F))C(=CC=C3(C4(=O)))C=C3C(=O)N4C5=CC=C(C=C5)OC(=CC7=C8)C=CC7=CC=C8OC5=CC=C(C=C5)*,*N1C(=O)C2=CC(=CC=C2C1=O)C(C(F)(F)(F))(C(F)(F)(F))C(=CC=C3(C4(=O)))C=C3C(=O)N4C5=CC=C(C=C5)OC(C=C5)=CC=C5*,75,25,299,258.5279706234015,24.759337350991064
*N1C(=O)C2=CC(=CC=C2C1=O)C(=CC=C3(C4(=O)))C=C3C(=O)N4C5=CC=C(C=C5)OC(C=C5)=CC=C5*,*N1C(=O)C2=CC(=CC=C2C1=O)C(=CC=C3(C4(=O)))C=C3C(=O)N4C5=CC=C(C=C5)OC(=C5)C=CC=C5OC(C=C5)=CC=C5*,10,90,203,258.92400569067786,19.43118800787152
*N1C(=O)C2=CC(=CC=C2C1=O)C(C(F)(F)(F))(C(F)(F)(F))C(=CC=C3(C4(=O)))C=C3C(=O)N4C5=CC=C(C(C(F)(F)(F))=C5)OC6=CC(=CC(OC1(=C(C(=C(C(=C1F)F)(C=C))F)F))=C6)OC6=C(C(F)(F)(F))C=C(C=C6)*,*N1C(=O)C2=CC(=CC=C2C1=O)C(C(F)(F)(F))(C(F)(F)(F))C(=CC=C3(C4(=O)))C=C3C(=O)N4C5=CC=C(C(C(F)(F)(F))=C5)OC6=CC=C(C=C6)OC6=C(C(F)(F)(F))C=C(C=C6)*,30,70,217,246.3038579875856,25.30732294322276
*N1C(=O)C2=CC(=CC=C2C1=O)C(C(F)(F)(F))(C(F)(F)(F))C(=CC=C3(C4(=O)))C=C3C(=O)N4C5=CC=C(C(C(F)(F)(F))=C5)OC6=CC(=CC(OC1(=C(C(=C(C(=C1F)F)(C=C))F)F))=C6)OC6=C(C(F)(F)(F))C=C(C=C6)*,*N1C(=O)C2=CC(=CC=C2C1=O)C(C(F)(F)(F))(C(F)(F)(F))C(=CC=C3(C4(=O)))C=C3C(=O)N4C5=CC=C(C(C(F)(F)(F))=C5)OC6=CC=C(C=C6)OC6=C(C(F)(F)(F))C=C(C=C6)*,50,50,207,236.0929218475713,27.576518803444014
*N1C(=O)C2=CC(=CC=C2C1=O)C(C(F)(F)(F))(C(F)(F)(F))C(=CC=C3(C4(=O)))C=C3C(=O)N4C5=CC=C(C(C(F)(F)(F))=C5)OC6=CC(=CC(OC1(=C(C(=C(C(=C1F)F)(C=C))F)F))=C6)OC6=C(C(F)(F)(F))C=C(C=C6)*,*N1C(=O)C2=CC(=CC=C2C1=O)C(C(F)(F)(F))(C(F)(F)(F))C(=CC=C3(C4(=O)))C=C3C(=O)N4C5=CC=C(C(C(F)(F)(F))=C5)OC6=CC=C(C=C6)OC6=C(C(F)(F)(F))C=C(C=C6)*,70,30,204,230.8751297447974,28.909035185101622
*N1C(=O)C2=CC(=CC=C2C1=O)C(C(F)(F)(F))(C(F)(F)(F))C(=CC=C3(C4(=O)))C=C3C(=O)N4C5=C(C)C(C)=C(C(C)=C5(C))*,*N1C(=O)C2=CC(=CC=C2C1=O)C(C(F)(F)(F))(C(F)(F)(F))C(=CC=C3(C4(=O)))C=C3C(=O)N4C5=CC(=CC=C5)*,75,25,408,366.3592493421673,28.26724371002648
*N1C(=O)C2=CC(=CC=C2C1=O)C(C(F)(F)(F))(C(F)(F)(F))C(=CC=C3(C4(=O)))C=C3C(=O)N4C5=C(C)C(C)=C(C(C)=C5(C))*,*N1C(=O)C2=CC(=CC=C2C1=O)C(C(F)(F)(F))(C(F)(F)(F))C(=CC=C3(C4(=O)))C=C3C(=O)N4C5=CC(=CC=C5)*,50,50,357,358.1503175173667,27.08821098468075
*N1C(=O)C2=CC(=CC=C2C1=O)C(C(F)(F)(F))(C(F)(F)(F))C(=CC=C3(C4(=O)))C=C3C(=O)N4C5=C(C)C(C)=C(C(C)=C5(C))*,*N1C(=O)C2=CC(=CC=C2C1=O)C(C(F)(F)(F))(C(F)(F)(F))C(=CC=C3(C4(=O)))C=C3C(=O)N4C5=CC(=CC=C5)*,25,75,328,339.49847134796306,28.00041046892285
*N1C(=O)C2=CC(=CC=C2C1=O)C(C(F)(F)(F))(C(F)(F)(F))C(=CC=C3(C4(=O)))C=C3C(=O)N4C5=C(C)C(C)=C(C(C)=C5(C))*,*N1C(=O)C2=CC(=CC=C2C1=O)C(C(F)(F)(F))(C(F)(F)(F))C(=CC=C3(C4(=O)))C=C3C(=O)N4C5=C(C)C(=CC=C5)*,75,25,413,364.6694033235072,28.646389501392957
*N1C(=O)C2=CC(=CC=C2C1=O)C(C(F)(F)(F))(C(F)(F)(F))C(=CC=C3(C4(=O)))C=C3C(=O)N4C5=C(C)C(C)=C(C(C)=C5(C))*,*N1C(=O)C2=CC(=CC=C2C1=O)C(C(F)(F)(F))(C(F)(F)(F))C(=CC=C3(C4(=O)))C=C3C(=O)N4C5=C(C)C(=CC=C5)*,50,50,382,359.41677281359034,27.647613526880946
*N1C(=O)C2=CC(=CC=C2C1=O)C(C(F)(F)(F))(C(F)(F)(F))C(=CC=C3(C4(=O)))C=C3C(=O)N4C5=C(C)C(C)=C(C(C)=C5(C))*,*N1C(=O)C2=CC(=CC=C2C1=O)C(C(F)(F)(F))(C(F)(F)(F))C(=CC=C3(C4(=O)))C=C3C(=O)N4C5=C(C)C(=CC=C5)*,25,75,364,346.7972376150524,27.630612268452325
*N1C(=O)C2=CC(=CC=C2C1=O)C(C(F)(F)(F))(C(F)(F)(F))C(=CC=C3(C4(=O)))C=C3C(=O)N4C5=CC(=CC=C5)OC5=CC(=CC=C5)OC5=CC(=CC=C5)*,*N1C(=O)C2=CC(=CC=C2C1=O)C(C(F)(F)(F))(C(F)(F)(F))C(=CC=C3(C4(=O)))C=C3C(=O)N4C5=CC=C(C=C5)OC5=CC=C(C=C5)C(C(F)(F)(F))(C(F)(F)(F))C5=CC=C(C=C5)OC5=CC=C(C=C5)*,75,25,199,228.44558617879,25.511081983502788
*N1C(=O)C2=CC(=CC=C2C1=O)C(C(F)(F)(F))(C(F)(F)(F))C(=CC=C3(C4(=O)))C=C3C(=O)N4C5=CC(=CC=C5)OC5=CC(=CC=C5)OC5=CC(=CC=C5)*,*N1C(=O)C2=CC(=CC=C2C1=O)C(C(F)(F)(F))(C(F)(F)(F))C(=CC=C3(C4(=O)))C=C3C(=O)N4C5=CC=C(C=C5)OC5=CC=C(C=C5)C(C(F)(F)(F))(C(F)(F)(F))C5=CC=C(C=C5)OC5=CC=C(C=C5)*,50,50,211,234.95027455950452,24.259036934119187
*N1C(=O)C2=CC(=CC=C2C1=O)C(C(F)(F)(F))(C(F)(F)(F))C(=CC=C3(C4(=O)))C=C3C(=O)N4C5=CC(=CC=C5)OC5=CC(=CC=C5)OC5=CC(=CC=C5)*,*N1C(=O)C2=CC(=CC=C2C1=O)C(C(F)(F)(F))(C(F)(F)(F))C(=CC=C3(C4(=O)))C=C3C(=O)N4C5=CC=C(C=C5)OC5=CC=C(C=C5)C(C(F)(F)(F))(C(F)(F)(F))C5=CC=C(C=C5)OC5=CC=C(C=C5)*,25,75,216,236.1030605698064,23.307309688651536
*N1C(=O)C2=CC(=C3C=C2C1=O)C(=O)N(C3(=O))C5=CC=CC(=C5)C(C(F)(F)(F))(C(F)(F)(F))C6=CC=CC(=C6)*,*N1C(=O)C2=CC(=C3C=C2C1=O)C(=O)N(C3(=O))C5=CC=C(C=C5)C(C(F)(F)(F))(C(F)(F)(F))C5=CC=C(C=C5)*,85,15,311,304.3038449117237,11.577196297552046
*N1C(=O)C2=CC(=C3C=C2C1=O)C(=O)N(C3(=O))C5=CC=CC(=C5)C(C(F)(F)(F))(C(F)(F)(F))C6=CC=CC(=C6)*,*N1C(=O)C2=CC(=C3C=C2C1=O)C(=O)N(C3(=O))C5=CC=C(C=C5)C(C(F)(F)(F))(C(F)(F)(F))C5=CC=C(C=C5)*,75,25,316,310.8726254888973,14.444170979270556
*N1C(=O)C2=CC(=C3C=C2C1=O)C(=O)N(C3(=O))C5=CC=CC(=C5)C(C(F)(F)(F))(C(F)(F)(F))C6=CC=CC(=C6)*,*N1C(=O)C2=CC(=C3C=C2C1=O)C(=O)N(C3(=O))C5=CC=C(C=C5)C(C(F)(F)(F))(C(F)(F)(F))C5=CC=C(C=C5)*,65,35,329,314.8087838887253,15.146626925946688
